Electronic|TheBOXradio|https://usa16.fastcast4u.com/proxy/space2?mp=/1|#
Electronic|ClubHouse|https://sh.onweb.gr/9104/stream|#
Electronic|House|http://stream.truehouse.net:8000/house|#
Electronic|Deep House|http://185.33.21.112:80/deephouse_128|#
Electronic|Groove|http://stream.truehouse.net:8000/groove|#
Electronic|BassDrive|http://ice.bassdrive.net:80/stream|#
Electronic|Industrial|http://192.111.140.6:9772/stream|#
Electronic|GTC-DNB|https://s37.radiolize.com/radio/8030/radio.mp3|#
Electronic|Deep-EDM|http://kierancloud.com:813|#
Electronic|Хanadu|http://http://xanadu.sl-radio.online:8050|#




