Pop/Dance|181fm|http://listen.181fm.com:8128|#
Pop/Dance|MyHits|https://router.euddn.net/8103046e16b71d15d692b57c187875c7/myhits.mp3|#
Pop/Dance|SynthPop|http://abm22.com.au:8000/CONTAINER17|#
Pop/Dance|Siglo21FM|http://emisiones.com.uy:5105/siglo|#
Pop/Dance|Studio 181|https://listen.181fm.com/181-ball_128k.mp3|#
Pop/Dance|Energy93|https://listen.181fm.com/181-energy93_128k.mp3|#
Pop/Dance|ClassicEnergy|https://listen.181fm.com/181-classicenergy_128k.mp3|#
Pop/Dance|Energy98|https://listen.181fm.com/181-energy98_128k.mp3|#
Pop/Dance|TheVibeOfVegas|https://listen.181fm.com/181-vibe_128k.mp3|#
Pop/Dance|INTENSE 90's|http://stream.intenseradio.net:8000/high|#
Pop/Dance|KUTX FM|https://streams.kut.org/4428_192.mp3?aw_0_1st.playerid=kutx-free|#
Pop/Dance|DNB FM|http://go.dnbfm.ru:8000/play|#
Pop/Dance|UturnRadio|http://play.uturnradio.com:80/dubstep|#
Pop/Dance|The Mix|https://listen.181fm.com/181-themix_128k.mp3|#
Pop/Dance|UK top 40|https://listen.181fm.com/181-uktop40_128k.mp3|#
Pop/Dance|PopHits|http://185.33.21.112:80/top40_32a|#
Pop/Dance|Dance|http://night.wakkeren.nl:8000/|#
Pop/Dance|RadioParadise|http://stream.radioparadise.com/|#
Pop/Dance|GAYFM|https://streaming.silvacast.com/GAYFM.mp3|#
Pop/Dance|(R&B)|https://listen.181fm.com/181-beat_128k.mp3|#